State,r,s,r/s
s0,s2,s1,0/0
s1,s3,s10,0/15
s2,s12,s3,15/0
s3,s5,s4,15/15
s4,s7,s14,15/30
s5,s15,s7,30/15
s7,s9,s8,30/30
s8,s16,s19,30/40
s9,s19,s16,40/30
s10,s4,s11,0/30
s11,s14,s19,0/40
s12,s13,s5,30/0
s13,s19,s15,40/0
s14,s8,s19,15/40
s15,s19,s9,40/15
s16,s18,s17,deuce
s17,s16,s19,s advantage
s18,s19,s16,r advantage
s19,,,game
